Barcode	AAACGGGCGT	AAACGTCGAA	AAAGGTAATA	AACCAGCTAA	AAGCGCCGCT	AATACATTGT	AATTGTGCGC	ACACCAAGGG	ACACTCGATG	ACATGAATGG	ACATGCGGGC	ACCTCGCAGC	ACTGGCCATA	ACTTATGAAC	AGAAGCATCT	AGATGAGCCA	AGCCCAATAG	AGCCCGTGAT	AGCCGTCGGG	AGGTCCTGAA	AGTCCTTGAA	AGTGAACGCT	ATAAACGGAT	ATCGTCATTG	ATCTCTAACG	ATGATTGGTT	ATTTATTGTC	CACACCCTTG	CACGACCACA	CACGGCAGGA	CACTCCTCCG	CAGACGTAAT	CAGAGAGCAG	CAGCGACTGT	CAGTCCATTG	CCAGGACGCA	CCATATATCA	CCATGGGACG	CCGGCTAATG	CCGGGCAGAT	CCGTGTAACA	CCTCTCCCGC	CCTTTCGTTT	CGATTGCTTA	CGCACTGCAT	CGCATAGTTT	CGCCCTACGG	CGGGAAGATG	CGGGTCTCCT	CGTGAGTCAC	CTAGATCAAA	CTCGCTATTA	CTGGACCTAT	CTTAAGGGAA	CTTCCAAGGT	CTTGGCTATC	GAACACCAGC	GACCGACGGT	GACGCAAGAC	GCAATACAGG	GCCCGGGCAT	GCGAATACAC	GCGTGCAGGA	GCGTTCCAGA	GCGTTCGGAC	GTAATACGAT	GTACTCGTGA	GTAGGTATTC	GTGCGACCCG	GTTAGATAAC	GTTCACTTCA	TAAACTAAGG	TAACTCTTCG	TACACATCTG	TACCCTCAAC	TACTTATCTC	TATCAACGGT	TATCCGAATA	TATGCGCCGT	TCACTCTCGT	TCGGGCCCAA	TCGGTAGGTA	TCTGAGGCAA	TGAAATATAT	TGAATCTCAG	TGAGAGATCG	TGAGGCACCG	TGCCCTCGAT	TGGTCGGCGC	TGTAGTAGCG	TTAAACGTTT	TTAAGTGGAG	TTCAGTCCGC	TTCCAGCCTC	TTGGAGATGT	TTGGGAAATC
AAACGGGCGT	0	4	5	6	4	5	4	6	6	6	5	6	6	8	6	5	8	6	6	8	8	6	5	7	7	6	8	7	7	6	7	6	6	5	8	6	9	5	8	5	9	7	8	7	6	8	7	7	7	8	8	8	8	7	7	8	6	5	7	7	4	9	7	8	8	7	6	7	7	9	9	6	6	7	8	8	6	7	5	5	7	7	7	8	8	7	7	7	6	7	6	6	7	7	7	8
AAACGTCGAA	4	0	4	4	4	5	5	6	4	7	6	6	6	6	6	6	7	5	4	5	4	7	5	6	6	7	7	7	5	5	7	5	7	6	7	5	7	7	7	7	7	8	8	7	7	8	7	8	8	7	5	7	8	6	8	8	6	5	6	8	7	8	6	6	6	6	5	7	7	8	7	6	6	6	5	8	6	6	6	6	6	7	7	7	6	7	8	5	7	7	6	5	7	8	9	9
AAAGGTAATA	5	4	0	5	7	6	6	7	6	5	7	8	4	7	6	6	6	6	7	6	7	8	6	6	6	7	7	8	6	5	9	4	7	7	7	6	6	7	5	6	5	10	9	7	8	8	8	6	8	7	5	5	7	6	9	6	7	8	6	7	7	8	7	7	8	7	7	4	9	6	8	5	7	7	7	7	8	5	7	8	7	5	7	6	7	7	6	8	9	7	6	7	8	9	7	5
AACCAGCTAA	6	4	5	0	5	6	7	6	6	7	7	6	5	7	6	5	5	5	6	6	6	7	7	7	6	8	8	6	5	6	7	6	6	6	7	6	6	7	5	7	7	8	8	6	6	7	7	8	8	7	6	6	6	6	7	7	6	6	6	8	6	7	7	7	8	7	6	8	8	6	6	6	7	5	5	6	6	6	7	8	6	7	6	7	7	7	8	6	8	8	7	8	7	5	7	9
AAGCGCCGCT	4	4	7	5	0	6	5	7	6	8	5	5	6	9	5	6	6	5	5	6	7	4	6	6	7	6	8	6	5	6	6	6	6	4	6	5	9	7	7	5	7	6	8	8	5	7	7	7	6	7	8	7	6	8	7	8	5	4	6	8	6	8	6	7	7	7	8	8	5	9	7	7	6	6	7	7	5	7	3	6	6	7	8	9	7	7	6	5	5	7	7	7	6	6	7	8
AATACATTGT	5	5	6	6	6	0	6	6	6	5	6	7	7	7	5	7	6	6	7	7	5	6	5	5	7	5	4	5	8	7	7	5	7	5	4	9	6	8	7	8	9	8	6	7	7	6	8	8	8	8	7	7	7	7	5	8	6	6	7	5	9	7	7	8	9	6	6	7	8	6	6	6	6	4	8	6	5	6	5	6	10	8	9	6	7	6	7	7	8	7	5	7	7	7	6	9
AATTGTGCGC	4	5	6	7	5	6	0	7	7	6	4	5	7	4	8	5	9	7	6	7	7	5	8	7	6	6	5	8	7	7	6	8	6	7	8	7	7	6	9	8	7	6	7	7	7	8	7	9	8	6	8	8	8	7	8	6	7	7	7	7	7	7	7	7	7	7	7	7	7	7	8	7	5	8	7	5	7	8	5	6	7	8	7	8	7	7	8	8	5	5	8	6	5	7	7	7
ACACCAAGGG	6	6	7	6	7	6	7	0	4	3	5	6	7	7	7	7	4	6	5	7	6	7	6	6	5	8	8	5	6	5	6	7	6	6	6	6	7	7	6	7	8	7	9	9	8	7	5	6	10	9	7	7	8	6	4	9	5	5	5	5	7	8	6	7	8	7	7	8	7	9	9	4	7	5	6	8	5	7	8	6	8	7	8	8	8	7	7	7	8	7	8	7	8	8	8	8
ACACTCGATG	6	4	6	6	6	6	7	4	0	4	5	4	5	6	6	7	5	5	5	7	6	7	5	5	5	6	7	4	6	6	5	6	7	5	4	7	6	5	5	6	8	6	5	7	5	6	6	6	8	8	7	6	7	8	7	7	6	6	6	5	6	7	7	6	6	5	4	8	8	8	7	5	5	4	5	7	6	6	7	5	8	6	8	7	6	6	7	4	7	7	6	6	7	8	7	8
ACATGAATGG	6	7	5	7	8	5	6	3	4	0	4	5	6	5	5	5	5	7	6	7	7	5	6	5	6	5	6	6	7	6	7	6	6	5	5	6	5	5	6	7	6	8	7	7	6	6	7	6	8	6	7	7	7	6	6	7	7	6	7	5	8	7	5	7	8	8	7	6	7	8	8	5	7	6	7	7	5	6	7	7	8	7	7	7	7	5	6	8	8	7	8	7	7	8	6	7
ACATGCGGGC	5	6	7	7	5	6	4	5	5	4	0	4	6	5	6	5	8	7	5	6	7	6	5	7	7	6	6	6	7	5	7	7	6	6	7	6	7	4	8	6	7	6	6	7	7	7	7	8	8	6	8	8	8	6	6	6	6	6	6	5	6	7	4	6	4	7	6	7	7	8	9	7	8	7	7	7	6	7	5	6	7	7	6	9	8	7	7	8	5	8	7	6	6	7	8	8
ACCTCGCAGC	6	6	8	6	5	7	5	6	4	5	4	0	5	5	6	6	6	6	5	6	6	6	7	6	5	8	7	7	6	6	6	7	6	6	7	6	7	6	7	5	6	4	7	7	6	8	7	8	8	6	7	6	8	8	6	5	4	6	6	6	6	7	5	5	5	8	6	8	8	7	7	7	6	7	4	6	7	6	6	5	7	8	7	9	6	8	7	6	5	6	9	7	6	6	8	8
ACTGGCCATA	6	6	4	5	6	7	7	7	5	6	6	5	0	6	6	5	5	6	7	6	6	6	7	5	7	7	7	6	4	5	7	7	7	7	5	5	7	6	5	5	6	6	6	6	6	8	7	6	6	6	5	4	4	7	7	4	7	6	6	7	5	7	6	5	7	7	7	7	7	7	7	9	8	7	7	6	8	6	5	7	4	6	4	7	8	7	7	7	8	8	8	8	7	6	6	6
ACTTATGAAC	8	6	7	7	9	7	4	7	6	5	5	5	6	0	7	6	7	6	8	5	5	7	6	7	5	6	4	9	7	7	7	6	7	8	8	7	5	6	7	8	5	7	6	8	6	7	8	7	8	6	5	7	7	5	7	6	7	7	5	7	7	5	7	7	5	7	6	7	8	5	7	8	8	7	5	4	7	7	8	8	8	6	5	7	8	7	7	8	7	7	8	6	7	8	8	6
AGAAGCATCT	6	6	6	6	5	5	8	7	6	5	6	6	6	7	0	5	6	6	7	7	7	5	5	6	7	6	7	7	6	7	7	5	5	6	6	7	6	7	8	6	7	9	7	6	6	6	8	6	6	6	7	7	6	8	8	6	6	7	6	7	8	6	7	8	8	7	7	6	7	7	7	7	6	5	7	6	7	7	6	6	8	8	7	4	5	4	4	7	8	5	5	7	7	6	5	7
AGATGAGCCA	5	6	6	5	6	7	5	7	7	5	5	6	5	6	5	0	7	7	7	6	7	4	7	8	7	6	7	8	5	7	7	7	4	7	8	5	6	5	9	8	6	8	8	5	7	6	8	7	7	4	6	8	7	7	9	7	6	7	6	8	7	7	6	7	7	7	7	7	6	7	6	7	8	7	8	7	7	7	5	8	7	6	5	7	6	5	5	8	6	6	8	7	7	7	8	8
AGCCCAATAG	8	7	6	5	6	6	9	4	5	5	8	6	5	7	6	7	0	4	5	6	5	7	8	5	5	8	8	6	6	7	7	6	6	6	4	8	7	8	5	7	7	8	9	8	6	6	4	6	9	7	6	6	7	8	6	8	6	6	5	6	6	6	7	7	8	7	8	8	7	7	7	6	6	6	6	8	7	4	7	7	7	8	8	6	7	6	7	5	8	7	9	8	8	8	8	7
AGCCCGTGAT	6	5	6	5	5	6	7	6	5	7	7	6	6	6	6	7	4	0	4	4	3	6	5	6	6	6	7	6	7	6	7	4	7	5	6	7	8	7	6	6	7	8	7	7	4	6	6	7	7	6	8	7	6	7	6	8	7	5	6	8	3	7	7	7	6	7	5	7	8	7	7	8	7	7	6	8	6	6	6	7	8	7	8	7	7	7	8	3	7	7	7	7	8	7	7	8
AGCCGTCGGG	6	4	7	6	5	7	6	5	5	6	5	5	7	8	7	7	5	4	0	6	5	6	7	5	6	7	7	7	8	6	6	6	7	5	6	7	9	6	7	7	8	7	7	8	7	7	4	7	7	7	8	8	9	8	7	9	7	4	7	5	6	8	5	6	5	7	6	8	6	9	8	6	6	6	6	8	6	7	6	7	8	6	8	8	7	7	7	4	5	5	8	6	5	7	8	9
AGGTCCTGAA	8	5	6	6	6	7	7	7	7	7	6	6	6	5	7	6	6	4	6	0	2	6	6	6	6	7	6	7	6	6	6	6	7	6	6	6	8	8	7	6	6	7	8	6	6	8	7	7	6	7	6	7	5	7	7	8	7	8	6	8	7	8	5	5	5	7	6	7	7	7	5	8	7	8	6	8	8	6	7	8	5	6	7	8	6	8	7	5	6	7	9	7	7	8	7	9
AGTCCTTGAA	8	4	7	6	7	5	7	6	6	7	7	6	6	5	7	7	5	3	5	2	0	6	7	5	6	6	5	6	7	7	6	6	8	7	4	7	8	8	8	7	7	7	8	6	6	7	6	8	8	6	7	6	7	6	6	8	8	7	6	8	6	8	6	6	6	6	5	8	8	7	5	8	7	7	6	8	7	6	8	7	7	7	7	7	7	8	8	4	7	6	8	7	7	8	8	9
AGTGAACGCT	6	7	8	7	4	6	5	7	7	5	6	6	6	7	5	4	7	6	6	6	6	0	4	7	6	5	6	8	6	7	7	7	6	5	7	5	8	7	8	6	6	7	7	7	6	7	7	5	6	5	7	9	6	7	6	7	7	5	7	7	7	6	6	8	7	4	7	7	5	7	6	8	7	7	8	6	4	8	6	7	8	7	6	7	6	6	6	6	6	5	5	7	7	7	6	6
ATAAACGGAT	5	5	6	7	6	5	8	6	5	6	5	7	7	6	5	7	8	5	7	6	7	4	0	7	7	4	6	7	7	7	8	5	6	6	8	6	7	7	8	6	8	8	7	8	6	7	8	7	8	8	6	8	5	4	6	7	7	5	7	6	7	7	7	8	6	3	5	7	8	7	7	5	7	6	7	8	3	5	6	7	8	8	7	5	6	7	8	6	7	8	3	4	7	7	7	8
ATCGTCATTG	7	6	6	7	6	5	7	6	5	5	7	6	5	7	6	8	5	6	5	6	5	7	7	0	4	6	5	5	7	6	6	6	7	6	4	9	7	7	5	7	7	7	6	6	7	6	7	7	7	7	6	4	6	8	7	6	7	6	7	7	7	8	6	7	7	7	6	5	6	8	6	7	5	5	6	6	6	6	6	6	7	6	8	7	6	6	6	7	6	6	6	7	6	7	6	6
ATCTCTAACG	7	6	6	6	7	7	6	5	5	6	7	5	7	5	7	7	5	6	6	6	6	6	7	4	0	7	6	7	7	8	5	7	8	8	6	8	6	6	5	9	5	5	8	7	7	8	5	8	7	7	7	5	8	7	5	6	6	7	6	6	8	7	8	8	7	7	6	7	6	6	6	5	4	6	5	6	5	5	7	5	8	7	7	8	6	7	7	7	7	5	7	7	6	7	7	7
ATGATTGGTT	6	7	7	8	6	5	6	8	6	5	6	8	7	6	6	6	8	6	7	7	6	5	4	6	7	0	4	8	8	7	8	7	7	6	7	8	8	7	7	7	8	9	6	4	6	5	9	7	7	7	7	7	7	6	7	7	8	6	8	8	8	7	8	8	6	5	6	7	8	8	8	8	7	8	9	7	5	7	6	6	9	5	7	6	7	6	8	6	6	6	5	5	7	8	6	7
ATTTATTGTC	8	7	7	8	8	4	5	8	7	6	6	7	7	4	7	7	8	7	7	6	5	6	6	5	6	4	0	8	9	9	8	8	9	6	6	9	6	8	8	9	8	7	6	7	8	7	9	8	8	6	7	7	7	6	6	5	8	7	7	8	10	7	8	8	7	7	7	6	9	6	5	8	7	7	8	4	6	8	7	7	10	7	8	7	7	7	9	8	8	6	6	6	6	6	6	7
CACACCCTTG	7	7	8	6	6	5	8	5	4	6	6	7	6	9	7	8	6	6	7	7	6	8	7	5	7	8	8	0	5	6	4	6	6	6	3	7	7	7	6	8	9	6	6	6	5	5	6	7	7	8	7	5	6	8	7	7	6	7	7	6	7	8	8	8	9	8	6	8	6	9	7	6	4	4	6	7	6	7	6	5	7	9	8	8	7	7	7	7	9	8	6	8	7	6	9	9
CACGACCACA	7	5	6	5	5	8	7	6	6	7	7	6	4	7	6	5	6	7	8	6	7	6	7	7	7	8	9	5	0	4	5	5	5	5	5	4	6	6	6	5	5	6	8	7	5	8	6	6	6	5	4	5	5	7	8	6	5	6	5	6	6	5	6	5	7	7	7	8	5	7	6	7	7	6	6	6	7	6	7	7	5	8	6	8	7	7	7	7	8	8	8	8	6	6	8	8
CACGGCAGGA	6	5	5	6	6	7	7	5	6	6	5	6	5	7	7	7	7	6	6	6	7	7	7	6	8	7	9	6	4	0	6	6	5	5	6	5	7	5	5	4	5	7	8	6	6	7	6	6	7	7	6	5	7	6	6	6	6	5	4	5	6	8	3	6	6	8	6	7	7	8	8	7	8	7	7	8	6	6	6	6	6	4	6	9	8	8	6	7	7	7	9	7	7	8	7	7
CACTCCTCCG	7	7	9	7	6	7	6	6	5	7	7	6	7	7	7	7	7	7	6	6	6	7	8	6	5	8	8	4	5	6	0	6	6	6	4	7	7	6	6	8	7	4	7	6	6	7	4	8	5	7	8	7	7	9	6	7	6	6	7	6	8	7	8	7	7	8	6	8	6	9	6	7	4	4	5	5	6	7	5	4	7	9	8	9	5	7	6	6	7	7	8	9	6	7	10	10
CAGACGTAAT	6	5	4	6	6	5	8	7	6	6	7	7	7	6	5	7	6	4	6	6	6	7	5	6	7	7	8	6	5	6	6	0	5	5	5	5	6	7	4	5	5	9	6	6	5	6	6	6	6	5	5	6	4	6	7	6	7	6	6	7	7	6	8	8	7	6	6	6	8	6	7	5	7	6	6	7	7	5	6	6	6	6	5	5	7	7	7	6	7	7	5	7	8	8	7	6
CAGAGAGCAG	6	7	7	6	6	7	6	6	7	6	6	6	7	7	5	4	6	7	7	7	8	6	6	7	8	7	9	6	5	5	6	5	0	4	6	4	5	5	6	5	5	8	8	6	5	6	7	5	7	4	5	7	5	6	8	7	5	6	6	5	6	6	6	7	7	7	8	8	5	6	8	7	8	5	8	7	7	7	6	8	6	6	4	7	6	4	5	8	7	5	8	5	7	8	6	7
CAGCGACTGT	5	6	7	6	4	5	7	6	5	5	6	6	7	8	6	7	6	5	5	6	7	5	6	6	8	6	6	6	5	5	6	5	4	0	4	5	7	5	5	5	7	6	7	6	4	5	6	6	5	6	7	6	4	8	5	6	6	3	7	6	7	7	7	7	7	7	7	7	5	8	7	7	7	6	7	7	4	6	4	5	7	7	7	7	8	6	6	6	6	8	7	8	7	7	5	7
CAGTCCATTG	8	7	7	7	6	4	8	6	4	5	7	7	5	8	6	8	4	6	6	6	4	7	8	4	6	7	6	3	5	6	4	5	6	4	0	7	6	7	4	6	6	7	5	5	6	6	5	6	6	7	6	5	6	8	5	6	7	7	7	5	7	7	6	6	7	7	7	6	7	8	6	6	6	5	7	6	6	5	7	6	7	7	8	8	6	6	6	7	7	7	7	7	6	7	7	7
CCAGGACGCA	6	5	6	6	5	9	7	6	7	6	6	6	5	7	7	5	8	7	7	6	7	5	6	9	8	8	9	7	4	5	7	5	4	5	7	0	5	4	6	5	5	6	7	6	5	7	6	6	6	6	5	7	5	6	7	7	7	6	7	6	5	6	6	7	6	6	7	6	6	8	7	8	8	8	8	8	7	8	7	7	5	5	5	8	7	6	5	8	7	6	7	7	5	6	7	7
CCATATATCA	9	7	6	6	9	6	7	7	6	5	7	7	7	5	6	6	7	8	9	8	8	8	7	7	6	8	6	7	6	7	7	6	5	7	6	5	0	5	6	7	3	6	6	5	6	5	7	7	7	6	5	5	7	7	8	6	7	9	7	5	8	5	6	7	7	6	7	6	9	6	6	7	6	6	7	5	8	7	8	6	8	6	7	5	5	5	7	7	9	6	7	8	8	7	7	7
CCATGGGACG	5	7	7	7	7	8	6	7	5	5	4	6	6	6	7	5	8	7	6	8	8	7	7	7	6	7	8	7	6	5	6	7	5	5	7	4	5	0	6	6	4	6	6	6	6	6	7	6	8	6	7	8	7	5	7	6	8	7	7	6	6	7	6	7	5	7	7	7	6	8	9	7	7	8	7	8	7	7	5	7	7	7	6	9	7	5	5	7	6	6	8	5	7	7	6	7
CCGGCTAATG	8	7	5	5	7	7	9	6	5	6	8	7	5	7	8	9	5	6	7	7	8	8	8	5	5	7	8	6	6	5	6	4	6	5	4	6	6	6	0	4	4	6	7	7	6	6	5	4	5	7	6	4	5	8	6	4	9	7	7	6	6	6	6	7	7	8	7	6	7	7	9	5	7	7	7	8	8	6	8	7	6	5	7	7	7	7	6	7	8	7	9	8	8	7	6	5
CCGGGCAGAT	5	7	6	7	5	8	8	7	6	7	6	5	5	8	6	8	7	6	7	6	7	6	6	7	9	7	9	8	5	4	8	5	5	5	6	5	7	6	4	0	5	7	6	7	5	6	7	3	5	6	6	7	4	7	6	5	8	6	6	7	4	6	4	5	5	7	8	7	8	8	8	9	9	8	7	9	8	8	6	7	4	5	5	7	8	6	6	6	7	7	8	7	7	8	6	5
CCGTGTAACA	9	7	5	7	7	9	7	8	8	6	7	6	6	5	7	6	7	7	8	6	7	6	8	7	5	8	8	9	5	5	7	5	5	7	6	5	3	4	4	5	0	6	7	7	7	7	7	6	6	5	6	5	6	7	7	6	8	9	7	7	7	5	4	5	6	7	8	7	7	6	7	7	8	9	6	7	8	7	8	8	6	5	6	8	7	7	7	8	7	5	9	8	8	8	8	6
CCTCTCCCGC	7	8	10	8	6	8	6	7	6	8	6	4	6	7	9	8	8	8	7	7	7	7	8	7	5	9	7	6	6	7	4	9	8	6	7	6	6	6	6	7	6	0	5	7	6	8	5	9	6	6	8	7	7	8	6	6	5	7	7	6	7	7	7	5	6	8	6	9	6	8	7	8	6	7	6	6	6	8	6	4	6	8	7	10	7	9	7	7	6	7	9	9	5	6	9	9
CCTTTCGTTT	8	8	9	8	8	6	7	9	5	7	6	7	6	6	7	8	9	7	7	8	8	7	7	6	8	6	6	6	8	8	7	6	8	7	5	7	6	6	7	6	7	5	0	5	6	4	7	7	6	7	8	6	6	7	6	6	9	7	9	8	7	9	7	6	5	7	6	7	9	8	7	10	7	8	8	6	7	7	7	5	8	6	7	8	8	9	9	6	8	8	5	8	8	7	7	8
CGATTGCTTA	7	7	7	6	8	7	7	9	7	7	7	7	6	8	6	5	8	7	8	6	6	7	8	6	7	4	7	6	7	6	6	6	6	6	5	6	5	6	7	7	7	7	5	0	4	4	7	7	6	6	6	5	6	7	8	5	8	7	7	7	7	6	6	5	6	7	6	7	8	6	5	8	6	8	8	7	8	6	7	7	7	5	6	7	5	6	7	8	7	7	7	8	8	7	8	9
CGCACTGCAT	6	7	8	6	5	7	7	8	5	6	7	6	6	6	6	7	6	4	7	6	6	6	6	7	7	6	8	5	5	6	6	5	5	4	6	5	6	6	6	5	7	6	6	4	0	4	4	6	5	5	7	6	5	6	7	7	6	6	6	5	4	5	6	6	6	5	6	7	7	8	5	7	7	6	6	8	7	7	7	5	6	7	6	5	5	7	7	4	6	6	7	6	6	6	7	9
CGCATAGTTT	8	8	8	7	7	6	8	7	6	6	7	8	8	7	6	6	6	6	7	8	7	7	7	6	8	5	7	5	8	7	7	6	6	5	6	7	5	6	6	6	7	8	4	4	4	0	6	5	6	6	8	5	6	7	6	7	8	7	6	6	7	6	7	8	7	6	6	6	8	7	7	8	8	6	9	6	7	8	8	7	9	5	8	5	7	6	9	6	8	6	5	8	8	7	6	8
CGCCCTACGG	7	7	8	7	7	8	7	5	6	7	7	7	7	8	8	8	4	6	4	7	6	7	8	7	5	9	9	6	6	6	4	6	7	6	5	6	7	7	5	7	7	5	7	7	4	6	0	7	6	7	8	5	6	8	5	7	7	4	7	4	6	6	6	6	6	6	6	8	6	9	7	5	6	6	6	7	6	7	7	5	7	7	9	7	6	7	6	4	6	6	9	8	6	7	8	9
CGGGAAGATG	7	8	6	8	7	8	9	6	6	6	8	8	6	7	6	7	6	7	7	7	8	5	7	7	8	7	8	7	6	6	8	6	5	6	6	6	7	6	4	3	6	9	7	7	6	5	7	0	6	6	6	7	5	7	6	6	8	7	6	6	7	6	6	7	7	6	8	7	7	7	8	8	9	7	9	8	7	8	8	9	6	5	7	6	7	4	6	7	7	6	7	7	9	8	4	4
CGGGTCTCCT	7	8	8	8	6	8	8	10	8	8	8	8	6	8	6	7	9	7	7	6	8	6	8	7	7	7	8	7	6	7	5	6	7	5	6	6	7	8	5	5	6	6	6	6	5	6	6	6	0	5	7	6	5	9	8	6	8	8	9	9	7	7	7	6	7	8	7	6	6	9	7	9	6	8	8	7	8	9	6	5	5	7	8	7	5	7	5	6	6	7	8	9	7	7	7	7
CGTGAGTCAC	8	7	7	7	7	8	6	9	8	6	6	6	6	6	6	4	7	6	7	7	6	5	8	7	7	7	6	8	5	7	7	5	4	6	7	6	6	6	7	6	5	6	7	6	5	6	7	6	5	0	5	7	6	5	8	5	7	8	6	7	6	4	5	7	5	6	7	6	5	4	6	8	7	8	7	6	8	7	6	7	6	6	4	7	6	5	5	7	6	5	8	6	5	6	7	6
CTAGATCAAA	8	5	5	6	8	7	8	7	7	7	8	7	5	5	7	6	6	8	8	6	7	7	6	6	7	7	7	7	4	6	8	5	5	7	6	5	5	7	6	6	6	8	8	6	7	8	8	6	7	5	0	5	4	5	7	6	6	8	7	6	7	6	7	6	7	5	6	6	7	4	7	6	7	7	5	7	7	6	7	8	6	7	5	6	6	7	7	7	8	7	7	6	6	7	7	7
CTCGCTATTA	8	7	5	6	7	7	8	7	6	7	8	6	4	7	7	8	6	7	8	7	6	9	8	4	5	7	7	5	5	5	7	6	7	6	5	7	5	8	4	7	5	7	6	5	6	5	5	7	6	7	5	0	5	7	6	4	8	8	6	8	7	7	6	7	7	7	6	4	7	7	5	7	6	6	7	6	8	5	7	6	7	4	7	6	7	7	8	7	8	7	7	8	7	7	6	6
CTGGACCTAT	8	8	7	6	6	7	8	8	7	7	8	8	4	7	6	7	7	6	9	5	7	6	5	6	8	7	7	6	5	7	7	4	5	4	6	5	7	7	5	4	6	7	6	6	5	6	6	5	5	6	4	5	0	6	6	4	7	7	8	8	6	7	7	7	7	6	7	7	5	7	6	7	7	6	7	7	7	7	6	6	5	6	6	5	5	6	7	5	7	7	5	8	7	6	4	6
CTTAAGGGAA	7	6	6	6	8	7	7	6	8	6	6	8	7	5	8	7	8	7	8	7	6	7	4	8	7	6	6	8	7	6	9	6	6	8	8	6	7	5	8	7	7	8	7	7	6	7	8	7	9	5	5	7	6	0	5	6	9	8	7	7	7	7	6	7	6	6	7	7	9	5	6	7	9	9	8	8	6	7	8	9	7	6	4	7	7	7	7	8	8	7	6	3	7	7	7	6
CTTCCAAGGT	7	8	9	7	7	5	8	4	7	6	6	6	7	7	8	9	6	6	7	7	6	6	6	7	5	7	6	7	8	6	6	7	8	5	5	7	8	7	6	6	7	6	6	8	7	6	5	6	8	8	7	6	6	5	0	6	7	5	6	6	7	9	5	5	7	6	7	8	7	7	7	6	8	7	8	7	4	6	6	7	8	6	7	7	8	8	8	6	8	7	6	7	7	5	5	7
CTTGGCTATC	8	8	6	7	8	8	6	9	7	7	6	5	4	6	6	7	8	8	9	8	8	7	7	6	6	7	5	7	6	6	7	6	7	6	6	7	6	6	4	5	6	6	6	5	7	7	7	6	6	5	6	4	4	6	6	0	7	8	7	8	6	7	7	7	6	7	8	4	7	4	5	7	7	7	6	6	8	7	6	7	7	6	6	7	7	6	6	7	7	6	7	8	7	6	5	4
GAACACCAGC	6	6	7	6	5	6	7	5	6	7	6	4	7	7	6	6	6	7	7	7	8	7	7	7	6	8	8	6	5	6	6	7	5	6	7	7	7	8	9	8	8	5	9	8	6	8	7	8	8	7	6	8	7	9	7	7	0	5	4	4	7	5	7	5	7	5	5	7	5	6	6	5	6	5	5	7	5	7	6	6	7	9	8	7	5	6	5	7	6	7	7	7	6	6	8	8
GACCGACGGT	5	5	8	6	4	6	7	5	6	6	6	6	6	7	7	7	6	5	4	8	7	5	5	6	7	6	7	7	6	5	6	6	6	3	7	6	9	7	7	6	9	7	7	7	6	7	4	7	8	8	8	8	7	8	5	8	5	0	5	6	5	8	6	7	6	5	6	8	5	7	7	6	7	6	6	7	3	6	5	6	8	6	7	7	7	6	6	5	6	8	7	8	6	7	7	8
GACGCAAGAC	7	6	6	6	6	7	7	5	6	7	6	6	6	5	6	6	5	6	7	6	6	7	7	7	6	8	7	7	5	4	7	6	6	7	7	7	7	7	7	6	7	7	9	7	6	6	7	6	9	6	7	6	8	7	6	7	4	5	0	7	6	4	5	5	5	6	5	6	6	6	7	6	8	6	5	6	6	6	7	7	8	7	7	7	7	6	6	6	7	7	9	7	7	7	8	6
GCAATACAGG	7	8	7	8	8	5	7	5	5	5	5	6	7	7	7	8	6	8	5	8	8	7	6	7	6	8	8	6	6	5	6	7	5	6	5	6	5	6	6	7	7	6	8	7	5	6	4	6	9	7	6	8	8	7	6	8	4	6	7	0	7	3	4	4	6	4	6	7	6	6	6	4	7	6	7	8	7	8	8	6	8	7	7	5	5	7	7	7	8	6	7	6	6	8	8	8
GCCCGGGCAT	4	7	7	6	6	9	7	7	6	8	6	6	5	7	8	7	6	3	6	7	6	7	7	7	8	8	10	7	6	6	8	7	6	7	7	5	8	6	6	4	7	7	7	7	4	7	6	7	7	6	7	7	6	7	7	6	7	5	6	7	0	6	6	7	6	7	6	7	6	7	7	10	9	8	7	8	8	7	7	6	6	7	5	8	8	8	8	4	6	8	8	7	7	6	8	7
GCGAATACAC	9	8	8	7	8	7	7	8	7	7	7	7	7	5	6	7	6	7	8	8	8	6	7	8	7	7	7	8	5	8	7	6	6	7	7	6	5	7	6	6	5	7	9	6	5	6	6	6	7	4	6	7	7	7	9	7	5	8	4	3	6	0	6	5	5	4	8	6	6	4	6	7	8	7	7	6	8	7	9	7	6	7	6	5	5	6	7	7	7	7	8	7	6	7	7	6
GCGTGCAGGA	7	6	7	7	6	7	7	6	7	5	4	5	6	7	7	6	7	7	5	5	6	6	7	6	8	8	8	8	6	3	8	8	6	7	6	6	6	6	6	4	4	7	7	6	6	7	6	6	7	5	7	6	7	6	5	7	7	6	5	4	6	6	0	3	3	7	6	7	6	7	7	8	9	9	8	9	7	7	7	7	5	4	5	9	7	7	6	7	6	6	9	7	7	8	7	7
GCGTTCCAGA	8	6	7	7	7	8	7	7	6	7	6	5	5	7	8	7	7	7	6	5	6	8	8	7	8	8	8	8	5	6	7	8	7	7	6	7	7	7	7	5	5	5	6	5	6	8	6	7	6	7	6	7	7	7	5	7	5	7	5	4	7	5	3	0	3	6	5	8	6	7	6	8	8	8	7	8	8	7	7	6	5	6	6	8	6	8	7	6	7	7	9	8	6	7	8	8
GCGTTCGGAC	8	6	8	8	7	9	7	8	6	8	4	5	7	5	8	7	8	6	5	5	6	7	6	7	7	6	7	9	7	6	7	7	7	7	7	6	7	5	7	5	6	6	5	6	6	7	6	7	7	5	7	7	7	6	7	6	7	6	5	6	6	5	3	3	0	6	5	7	7	6	7	9	8	8	6	7	8	7	8	7	6	5	6	8	7	8	8	5	5	7	8	7	6	8	8	7
GTAATACGAT	7	6	7	7	7	6	7	7	5	8	7	8	7	7	7	7	7	7	7	7	6	4	3	7	7	5	7	8	7	8	8	6	7	7	7	6	6	7	8	7	7	8	7	7	5	6	6	6	8	6	5	7	6	6	6	7	5	5	6	4	7	4	7	6	6	0	5	6	6	5	6	6	7	7	7	7	5	5	6	6	8	7	7	4	6	6	8	5	8	5	4	5	6	8	6	7
GTACTCGTGA	6	5	7	6	8	6	7	7	4	7	6	6	7	6	7	7	8	5	6	6	5	7	5	6	6	6	7	6	7	6	6	6	8	7	7	7	7	7	7	8	8	6	6	6	6	6	6	8	7	7	6	6	7	7	7	8	5	6	5	6	6	8	6	5	5	5	0	6	6	6	4	7	5	6	6	6	6	6	6	5	8	7	7	7	6	8	8	6	6	5	5	6	6	7	7	9
GTAGGTATTC	7	7	4	8	8	7	7	8	8	6	7	8	7	7	6	7	8	7	8	7	8	7	7	5	7	7	6	8	8	7	8	6	8	7	6	6	6	7	6	7	7	9	7	7	7	6	8	7	6	6	6	4	7	7	8	4	7	8	6	7	7	6	7	8	7	6	6	0	6	4	6	7	5	6	7	4	8	7	7	8	8	5	7	6	7	6	6	9	7	5	6	6	6	7	6	4
GTGCGACCCG	7	7	9	8	5	8	7	7	8	7	7	8	7	8	7	6	7	8	6	7	8	5	8	6	6	8	9	6	5	7	6	8	5	5	7	6	9	6	7	8	7	6	9	8	7	8	6	7	6	5	7	7	5	9	7	7	5	5	6	6	6	6	6	6	7	6	6	6	0	6	5	8	7	6	8	7	7	7	5	6	6	8	7	8	6	5	4	6	6	6	8	7	6	6	6	6
GTTAGATAAC	9	8	6	6	9	6	7	9	8	8	8	7	7	5	7	7	7	7	9	7	7	7	7	8	6	8	6	9	7	8	9	6	6	8	8	8	6	8	7	8	6	8	8	6	8	7	9	7	9	4	4	7	7	5	7	4	6	7	6	6	7	4	7	7	6	5	6	4	6	0	5	6	8	7	6	7	8	7	9	8	8	6	6	5	7	5	6	8	7	5	7	6	6	7	6	5
GTTCACTTCA	9	7	8	6	7	6	8	9	7	8	9	7	7	7	7	6	7	7	8	5	5	6	7	6	6	8	5	7	6	8	6	7	8	7	6	7	6	9	9	8	7	7	7	5	5	7	7	8	7	6	7	5	6	6	7	5	6	7	7	6	7	6	7	6	7	6	4	6	5	5	0	7	5	5	6	7	7	7	8	5	8	7	7	7	6	7	7	6	7	7	6	6	5	5	7	7
TAAACTAAGG	6	6	5	6	7	6	7	4	5	5	7	7	9	8	7	7	6	8	6	8	8	8	5	7	5	8	8	6	7	7	7	5	7	7	6	8	7	7	5	9	7	8	10	8	7	8	5	8	9	8	6	7	7	7	6	7	5	6	6	4	10	7	8	8	9	6	7	7	8	6	7	0	5	5	5	7	5	5	6	6	8	7	7	5	4	6	6	7	7	5	6	5	6	9	7	7
TAACTCTTCG	6	6	7	7	6	6	5	7	5	7	8	6	8	8	6	8	6	7	6	7	7	7	7	5	4	7	7	4	7	8	4	7	8	7	6	8	6	7	7	9	8	6	7	6	7	8	6	9	6	7	7	6	7	9	8	7	6	7	8	7	9	8	9	8	8	7	5	5	7	8	5	5	0	4	5	5	6	7	6	3	8	8	8	6	4	5	5	6	6	6	6	6	6	6	8	8
TACACATCTG	7	6	7	5	6	4	8	5	4	6	7	7	7	7	5	7	6	7	6	8	7	7	6	5	6	8	7	4	6	7	4	6	5	6	5	8	6	8	7	8	9	7	8	8	6	6	6	7	8	8	7	6	6	9	7	7	5	6	6	6	8	7	9	8	8	7	6	6	6	7	5	5	4	0	5	3	5	6	6	4	8	7	7	5	5	4	5	6	7	6	5	7	5	5	6	7
TACCCTCAAC	8	5	7	5	7	8	7	6	5	7	7	4	7	5	7	8	6	6	6	6	6	8	7	6	5	9	8	6	6	7	5	6	8	7	7	8	7	7	7	7	6	6	8	8	6	9	6	9	8	7	5	7	7	8	8	6	5	6	5	7	7	7	8	7	6	7	6	7	8	6	6	5	5	5	0	5	6	5	6	5	6	8	7	7	5	8	7	3	7	7	8	7	5	5	9	7
TACTTATCTC	8	8	7	6	7	6	5	8	7	7	7	6	6	4	6	7	8	8	8	8	8	6	8	6	6	7	4	7	6	8	5	7	7	7	6	8	5	8	8	9	7	6	6	7	8	6	7	8	7	6	7	6	7	8	7	6	7	7	6	8	8	6	9	8	7	7	6	4	7	7	7	7	5	3	5	0	6	6	7	5	8	6	6	5	6	6	7	7	6	7	7	8	6	5	7	6
TATCAACGGT	6	6	8	6	5	5	7	5	6	5	6	7	8	7	7	7	7	6	6	8	7	4	3	6	5	5	6	6	7	6	6	7	7	4	6	7	8	7	8	8	8	6	7	8	7	7	6	7	8	8	7	8	7	6	4	8	5	3	6	7	8	8	7	8	8	5	6	8	7	8	7	5	6	5	6	6	0	5	4	5	8	6	7	7	6	7	6	5	6	7	4	6	5	6	6	8
TATCCGAATA	7	6	5	6	7	6	8	7	6	6	7	6	6	7	7	7	4	6	7	6	6	8	5	6	5	7	8	7	6	6	7	5	7	6	5	8	7	7	6	8	7	8	7	6	7	8	7	8	9	7	6	5	7	7	6	7	7	6	6	8	7	7	7	7	7	5	6	7	7	7	7	5	7	6	5	6	5	0	5	6	7	6	6	7	7	7	7	6	7	7	6	7	7	5	6	5
TATGCGCCGT	5	6	7	7	3	5	5	8	7	7	5	6	5	8	6	5	7	6	6	7	8	6	6	6	7	6	7	6	7	6	5	6	6	4	7	7	8	5	8	6	8	6	7	7	7	8	7	8	6	6	7	7	6	8	6	6	6	5	7	8	7	9	7	7	8	6	6	7	5	9	8	6	6	6	6	7	4	5	0	5	6	7	5	8	6	6	4	5	5	6	6	6	5	5	5	6
TCACTCTCGT	5	6	8	8	6	6	6	6	5	7	6	5	7	8	6	8	7	7	7	8	7	7	7	6	5	6	7	5	7	6	4	6	8	5	6	7	6	7	7	7	8	4	5	7	5	7	5	9	5	7	8	6	6	9	7	7	6	6	7	6	6	7	7	6	7	6	5	8	6	8	5	6	3	4	5	5	5	6	5	0	6	6	7	6	4	6	6	4	6	6	6	7	4	6	7	9
TCGGGCCCAA	7	6	7	6	6	10	7	8	8	8	7	7	4	8	8	7	7	8	8	5	7	8	8	7	8	9	10	7	5	6	7	6	6	7	7	5	8	7	6	4	6	6	8	7	6	9	7	6	5	6	6	7	5	7	8	7	7	8	8	8	6	6	5	5	6	8	8	8	6	8	8	8	8	8	6	8	8	7	6	6	0	5	4	8	6	7	5	6	6	8	8	7	6	6	7	6
TCGGTAGGTA	7	7	5	7	7	8	8	7	6	7	7	8	6	6	8	6	8	7	6	6	7	7	8	6	7	5	7	9	8	4	9	6	6	7	7	5	6	7	5	5	5	8	6	5	7	5	7	5	7	6	7	4	6	6	6	6	9	6	7	7	7	7	4	6	5	7	7	5	8	6	7	7	8	7	8	6	6	6	7	6	5	0	4	6	7	6	7	6	5	6	7	6	6	7	5	5
TCTGAGGCAA	7	7	7	6	8	9	7	8	8	7	6	7	4	5	7	5	8	8	8	7	7	6	7	8	7	7	8	8	6	6	8	5	4	7	8	5	7	6	7	5	6	7	7	6	6	8	9	7	8	4	5	7	6	4	7	6	8	7	7	7	5	6	5	6	6	7	7	7	7	6	7	7	8	7	7	6	7	6	5	7	4	4	0	7	7	6	5	7	6	6	7	5	6	6	6	5
TGAAATATAT	8	7	6	7	9	6	8	8	7	7	9	9	7	7	4	7	6	7	8	8	7	7	5	7	8	6	7	8	8	9	9	5	7	7	8	8	5	9	7	7	8	10	8	7	5	5	7	6	7	7	6	6	5	7	7	7	7	7	7	5	8	5	9	8	8	4	7	6	8	5	7	5	6	5	7	5	7	7	8	6	8	6	7	0	4	4	6	5	8	5	4	5	7	8	5	6
TGAATCTCAG	8	6	7	7	7	7	7	8	6	7	8	6	8	8	5	6	7	7	7	6	7	6	6	6	6	7	7	7	7	8	5	7	6	8	6	7	5	7	7	8	7	7	8	5	5	7	6	7	5	6	6	7	5	7	8	7	5	7	7	5	8	5	7	6	7	6	6	7	6	7	6	4	4	5	5	6	6	7	6	4	6	7	7	4	0	4	4	5	6	5	6	5	6	7	7	7
TGAGAGATCG	7	7	7	7	7	6	7	7	6	5	7	8	7	7	4	5	6	7	7	8	8	6	7	6	7	6	7	7	7	8	7	7	4	6	6	6	5	5	7	6	7	9	9	6	7	6	7	4	7	5	7	7	6	7	8	6	6	6	6	7	8	6	7	8	8	6	8	6	5	5	7	6	5	4	8	6	7	7	6	6	7	6	6	4	4	0	3	7	6	4	6	6	6	6	4	4
TGAGGCACCG	7	8	6	8	6	7	8	7	7	6	7	7	7	7	4	5	7	8	7	7	8	6	8	6	7	8	9	7	7	6	6	7	5	6	6	5	7	5	6	6	7	7	9	7	7	9	6	6	5	5	7	8	7	7	8	6	5	6	6	7	8	7	6	7	8	8	8	6	4	6	7	6	5	5	7	7	6	7	4	6	5	7	5	6	4	3	0	7	5	4	7	6	6	7	7	6
TGCCCTCGAT	7	5	8	6	5	7	8	7	4	8	8	6	7	8	7	8	5	3	4	5	4	6	6	7	7	6	8	7	7	7	6	6	8	6	7	8	7	7	7	6	8	7	6	8	4	6	4	7	6	7	7	7	5	8	6	7	7	5	6	7	4	7	7	6	5	5	6	9	6	8	6	7	6	6	3	7	5	6	5	4	6	6	7	5	5	7	7	0	6	6	7	6	6	6	7	8
TGGTCGGCGC	6	7	9	8	5	8	5	8	7	8	5	5	8	7	8	6	8	7	5	6	7	6	7	6	7	6	8	9	8	7	7	7	7	6	7	7	9	6	8	7	7	6	8	7	6	8	6	7	6	6	8	8	7	8	8	7	6	6	7	8	6	7	6	7	5	8	6	7	6	7	7	7	6	7	7	6	6	7	5	6	6	5	6	8	6	6	5	6	0	5	8	6	5	6	6	7
TGTAGTAGCG	7	7	7	8	7	7	5	7	7	7	8	6	8	7	5	6	7	7	5	7	6	5	8	6	5	6	6	8	8	7	7	7	5	8	7	6	6	6	7	7	5	7	8	7	6	6	6	6	7	5	7	7	7	7	7	6	7	8	7	6	8	7	6	7	7	5	5	5	6	5	7	5	6	6	7	7	7	7	6	6	8	6	6	5	5	4	4	6	5	0	7	4	5	7	6	7
TTAAACGTTT	6	6	6	7	7	5	8	8	6	8	7	9	8	8	5	8	9	7	8	9	8	5	3	6	7	5	6	6	8	9	8	5	8	7	7	7	7	8	9	8	9	9	5	7	7	5	9	7	8	8	7	7	5	6	6	7	7	7	9	7	8	8	9	9	8	4	5	6	8	7	6	6	6	5	8	7	4	6	6	6	8	7	7	4	6	6	7	7	8	7	0	5	7	6	5	7
TTAAGTGGAG	6	5	7	8	7	7	6	7	6	7	6	7	8	6	7	7	8	7	6	7	7	7	4	7	7	5	6	8	8	7	9	7	5	8	7	7	8	5	8	7	8	9	8	8	6	8	8	7	9	6	6	8	8	3	7	8	7	8	7	6	7	7	7	8	7	5	6	6	7	6	6	5	6	7	7	8	6	7	6	7	7	6	5	5	5	6	6	6	6	4	5	0	5	7	6	7
TTCAGTCCGC	7	7	8	7	6	7	5	8	7	7	6	6	7	7	7	7	8	8	5	7	7	7	7	6	6	7	6	7	6	7	6	8	7	7	6	5	8	7	8	7	8	5	8	8	6	8	6	9	7	5	6	7	7	7	7	7	6	6	7	6	7	6	7	6	6	6	6	6	6	6	5	6	6	5	5	6	5	7	5	4	6	6	6	7	6	6	6	6	5	5	7	5	0	3	6	6
TTCCAGCCTC	7	8	9	5	6	7	7	8	8	8	7	6	6	8	6	7	8	7	7	8	8	7	7	7	7	8	6	6	6	8	7	8	8	7	7	6	7	7	7	8	8	6	7	7	6	7	7	8	7	6	7	7	6	7	5	6	6	7	7	8	6	7	8	7	8	8	7	7	6	7	5	9	6	5	5	5	6	5	5	6	6	7	6	8	7	6	7	6	6	7	6	7	3	0	6	6
TTGGAGATGT	7	9	7	7	7	6	7	8	7	6	8	8	6	8	5	8	8	7	8	7	8	6	7	6	7	6	6	9	8	7	10	7	6	5	7	7	7	6	6	6	8	9	7	8	7	6	8	4	7	7	7	6	4	7	5	5	8	7	8	8	8	7	7	8	8	6	7	6	6	6	7	7	8	6	9	7	6	6	5	7	7	5	6	5	7	4	7	7	6	6	5	6	6	6	0	4
TTGGGAAATC	8	9	5	9	8	9	7	8	8	7	8	8	6	6	7	8	7	8	9	9	9	6	8	6	7	7	7	9	8	7	10	6	7	7	7	7	7	7	5	5	6	9	8	9	9	8	9	4	7	6	7	6	6	6	7	4	8	8	6	8	7	6	7	8	7	7	9	4	6	5	7	7	8	7	7	6	8	5	6	9	6	5	5	6	7	4	6	8	7	7	7	7	6	6	4	0
