Barcode	AAACATTTCT	AACACCGGAC	AACAGTAGAG	AACTCCAGAG	AAGCCTGGTC	AAGGCGAATC	AATACACGTA	AATAGTACAA	AATTCGCCAG	ACAATAAGGC	ACACCGTGCG	ACAGAAGAGA	ACCAGTCAGG	ACCCTGACAA	ACCTGTAATG	ACCTTGCTTC	ACGTCTGGGT	ACTAGCATGA	AGAAATAGTG	AGACTCGCTT	AGAGGGCTTG	AGCTATTGTA	AGGGTCGTTT	AGGTTCATTA	ATACACCGGG	ATACCTACTA	ATCGACACAT	ATTGCGCGCG	CAACACAGGC	CAACTCGACT	CAATATTGGT	CACAACTCTG	CACATACACG	CACCCAGCAT	CAGCTACATG	CCACACAAGA	CCAGTAGTTT	CCGAAAGAGG	CCGGAGGCAT	CCTGAGGCGG	CGAGAACGTA	CGCTATGACG	CGCTTGAAAG	CGGATAGCAT	CGGTATACTG	CGGTGTCTGC	CTAGCATTCG	CTCGTTGACA	CTGTCACTTG	CTTTATCTGG	GAAACCGGAA	GAATTGTTCT	GACCAAATAT	GACGCCTAAA	GAGTGACCAG	GATGGTTTGG	GCCCGAAACG	GCGCCTGGAA	GCTCGTGTTC	GCTTATCTAG	GTAACTACTG	GTATGGATCG	GTCATCCCGT	GTCTATACGG	GTGAACTTAG	GTGAGAAACT	GTTCACAAGC	GTTCGAAGAG	TAATACAGGG	TAATCATACT	TAATGAGCTT	TACAACGTAC	TACTACTTCG	TAGACTCTGC	TAGAGCTGGT	TAGCCTTGAA	TATCGGATTG	TCAGAAGAAC	TCATGGTGTG	TCCACGCTTC	TCCATGGTAG	TCCCGGCCGA	TGACAGAGAT	TGCAGAGGTT	TGCCGATTAG	TGCCTCAACG	TGGAACACTG	TGTCAAGTGG	TGTGAGTAAA	TTACAGGCGG	TTCCACACTA	TTCCTTCGCG	TTGAGCGGAA	TTGCACGCCG	TTGTTTGGCG	TTTCGTGCGA
AAACATTTCT	0	6	6	8	5	6	5	6	8	6	5	7	7	7	7	6	7	7	6	5	7	6	7	7	6	5	7	8	6	5	4	5	6	7	7	7	6	9	8	9	8	7	9	7	7	8	5	7	7	7	7	4	5	8	9	6	8	8	6	7	6	7	6	8	7	7	8	9	7	4	6	6	5	6	7	6	7	8	7	6	7	9	6	7	7	8	7	7	8	7	7	7	10	7	8	8
AACACCGGAC	6	0	4	3	4	5	4	6	6	6	4	6	6	5	7	7	6	6	7	6	8	6	7	8	3	6	6	7	3	5	6	6	6	5	7	5	8	8	7	8	6	7	8	7	9	8	8	7	8	8	3	7	7	5	7	9	6	5	7	8	7	7	6	7	7	8	6	8	5	6	8	3	7	5	6	6	7	6	7	6	6	6	6	6	8	7	7	8	9	6	7	8	5	7	8	8
AACAGTAGAG	6	4	0	3	6	7	6	3	6	5	4	3	3	6	4	8	6	5	4	7	7	6	7	8	5	6	6	7	5	6	6	6	4	6	5	5	5	6	7	7	7	6	6	6	6	8	7	6	7	8	6	7	6	6	6	6	6	7	8	7	6	7	7	6	7	7	7	5	5	6	7	6	6	7	6	6	6	5	6	8	5	7	4	6	6	7	7	6	6	5	8	6	6	8	7	7
AACTCCAGAG	8	3	3	0	6	6	5	6	4	6	5	5	5	6	5	7	6	5	6	6	7	6	8	6	4	6	5	6	5	5	7	6	5	4	5	5	8	6	8	7	8	6	5	8	7	8	7	7	7	7	5	8	6	5	6	8	6	6	7	7	6	7	6	6	7	9	6	5	4	6	7	6	5	6	7	6	6	7	7	8	6	7	6	7	6	6	7	6	8	7	7	6	7	7	7	7
AAGCCTGGTC	5	4	6	6	0	4	5	7	7	6	6	7	6	6	6	5	4	6	6	5	6	5	6	7	6	5	7	7	5	6	5	7	7	6	6	8	7	8	8	7	7	7	7	8	7	7	6	7	7	8	5	6	7	6	7	7	7	4	5	8	7	6	7	8	8	9	7	8	6	6	7	6	7	5	4	4	7	7	7	7	6	7	7	6	7	6	8	7	8	7	8	7	7	7	6	7
AAGGCGAATC	6	5	7	6	4	0	6	7	6	7	7	6	7	7	6	6	6	7	7	6	5	7	5	6	8	6	6	6	6	5	8	7	8	6	5	7	7	8	6	8	7	8	7	7	7	6	6	8	7	10	6	7	6	6	7	7	6	7	7	8	7	6	9	8	8	6	7	7	7	7	6	6	7	6	6	6	6	5	7	6	8	8	6	7	6	7	7	7	7	7	8	9	6	8	9	8
AATACACGTA	5	4	6	5	5	6	0	4	5	6	6	6	7	7	7	7	7	4	5	5	7	5	7	5	4	4	5	5	5	6	5	6	4	6	6	5	8	8	8	7	4	7	9	7	6	9	7	8	6	8	5	7	6	7	7	8	8	7	7	7	6	7	6	6	6	7	6	7	4	5	6	4	6	6	6	6	7	7	7	6	6	8	7	6	7	8	6	6	7	6	5	7	7	6	9	7
AATAGTACAA	6	6	3	6	7	7	4	0	5	7	6	5	5	5	6	7	8	4	6	7	7	6	8	6	7	4	5	7	7	6	6	7	5	7	6	7	7	8	7	7	6	7	7	6	6	8	7	6	7	8	6	5	7	6	6	6	8	7	7	7	6	7	8	6	7	7	7	6	6	5	6	6	6	7	7	6	6	6	7	8	7	7	6	8	8	8	7	8	4	7	7	8	6	8	9	5
AATTCGCCAG	8	6	6	4	7	6	5	5	0	7	6	7	6	6	6	6	7	6	7	5	6	7	7	6	5	7	5	4	7	5	7	7	6	6	6	7	8	9	7	6	8	7	6	7	7	7	8	7	6	6	6	6	8	6	4	7	7	8	8	5	7	7	7	7	7	8	5	5	6	7	6	7	6	7	7	7	6	8	7	7	7	7	8	9	7	7	8	8	7	6	7	6	7	6	6	6
ACAATAAGGC	6	6	5	6	6	7	6	7	7	0	6	4	4	6	5	6	6	5	5	7	8	6	8	7	6	7	7	7	3	6	4	6	5	7	6	5	6	5	7	6	6	6	7	7	7	7	7	8	8	7	7	7	6	7	8	7	7	8	8	7	6	8	7	5	7	7	6	7	4	6	6	6	7	6	7	8	8	5	7	7	7	8	7	7	7	7	7	7	8	7	8	8	8	8	7	9
ACACCGTGCG	5	4	4	5	6	7	6	6	6	6	0	6	5	5	5	6	5	5	6	6	6	7	7	8	4	5	7	4	5	6	7	5	6	5	6	6	7	6	7	6	7	5	7	8	7	7	5	6	8	7	5	6	8	6	7	7	5	6	6	7	6	6	7	7	7	9	7	7	6	6	7	4	5	5	6	6	7	7	4	6	6	5	6	7	6	7	8	6	8	5	8	5	7	6	7	5
ACAGAAGAGA	7	6	3	5	7	6	6	5	7	4	6	0	5	6	6	8	6	4	5	7	7	7	7	7	6	7	6	7	6	7	7	7	6	7	6	4	5	4	6	5	5	7	6	6	7	8	7	6	8	8	6	9	6	6	6	8	6	7	8	7	8	7	8	7	7	6	7	5	6	7	7	6	8	7	6	7	7	3	6	8	7	7	5	6	6	8	7	6	6	6	8	8	6	8	9	7
ACCAGTCAGG	7	6	3	5	6	7	7	5	6	4	5	5	0	5	3	6	5	4	5	7	6	7	7	7	5	7	6	7	5	6	7	5	5	5	5	5	5	5	6	5	7	6	7	8	7	6	6	7	6	6	8	8	6	7	7	6	5	7	7	6	7	8	6	6	7	7	7	7	6	7	8	6	6	6	6	7	7	7	7	6	5	5	7	6	6	6	7	6	7	5	7	6	7	7	8	7
ACCCTGACAA	7	5	6	6	6	7	7	5	6	6	5	6	5	0	5	5	6	6	8	6	8	7	8	6	8	4	5	8	7	6	9	7	6	4	6	6	8	7	6	6	7	6	5	7	7	7	8	5	7	8	6	8	6	4	6	9	5	4	7	7	7	8	7	7	8	8	7	7	8	7	7	7	7	7	8	5	7	7	8	7	5	4	6	8	6	6	8	9	7	7	5	7	7	8	8	6
ACCTGTAATG	7	7	4	5	6	6	7	6	6	5	5	6	3	5	0	5	6	5	5	7	6	5	7	6	8	6	6	7	8	6	7	6	6	6	5	7	5	6	7	6	7	5	5	7	5	6	6	7	5	6	7	6	6	6	7	7	4	6	6	6	6	6	8	5	7	7	8	7	7	7	7	7	7	8	8	6	5	7	5	7	5	7	7	7	6	5	7	6	7	8	7	6	8	8	7	8
ACCTTGCTTC	6	7	8	7	5	6	7	7	6	6	6	8	6	5	5	0	5	5	8	4	5	6	6	5	8	6	7	6	8	6	7	7	7	5	6	8	6	9	7	7	8	7	6	7	7	5	5	7	6	6	9	5	7	8	8	7	7	7	4	6	7	7	7	7	8	9	8	9	9	7	6	6	5	6	8	6	6	8	6	3	5	6	8	7	7	7	9	8	9	8	7	6	9	8	7	7
ACGTCTGGGT	7	6	6	6	4	6	7	8	7	6	5	6	5	6	6	5	0	7	7	5	7	6	5	6	6	7	6	7	7	6	5	6	7	6	7	8	6	6	6	6	7	6	7	6	7	6	8	6	7	7	7	7	8	6	8	6	9	4	6	7	8	6	6	7	7	8	8	8	6	7	7	7	6	6	5	6	7	8	6	7	7	7	6	6	8	7	8	6	8	7	9	7	7	8	5	6
ACTAGCATGA	7	6	5	5	6	7	4	4	6	5	5	4	4	6	5	5	7	0	6	6	6	5	7	5	6	5	6	6	6	7	7	6	5	5	4	5	6	7	6	6	5	6	6	6	7	7	4	6	6	6	7	7	6	6	6	6	7	6	6	6	6	6	7	6	7	7	6	6	5	7	6	6	5	6	6	5	6	6	6	6	7	6	6	7	7	8	6	7	6	7	6	8	6	7	8	6
AGAAATAGTG	6	7	4	6	6	7	5	6	7	5	6	5	5	8	5	8	7	6	0	5	5	4	6	6	5	5	6	7	6	7	6	5	6	8	5	7	6	4	8	8	5	6	7	6	4	7	7	9	7	7	6	6	5	8	7	7	8	8	8	7	4	6	7	6	6	6	8	7	5	6	6	7	7	6	5	7	7	7	6	8	6	10	5	6	7	7	4	5	7	7	7	7	8	8	7	8
AGACTCGCTT	5	6	7	6	5	6	5	7	5	7	6	7	7	6	7	4	5	6	5	0	4	6	3	5	6	5	6	6	7	4	7	6	7	5	6	7	5	8	7	8	6	7	7	5	7	7	7	8	6	8	6	5	6	6	7	6	8	7	5	7	6	7	5	7	8	7	8	8	8	7	5	7	6	4	5	6	6	8	7	5	8	8	6	6	6	6	6	7	9	6	6	6	7	6	7	7
AGAGGGCTTG	7	8	7	7	6	5	7	7	6	8	6	7	6	8	6	5	7	6	5	4	0	7	4	5	6	7	7	5	8	8	8	6	7	7	6	8	6	7	6	6	5	7	7	6	7	6	6	9	6	7	8	7	8	6	5	4	8	7	7	7	7	5	8	9	5	7	8	8	8	9	5	7	6	6	5	6	5	8	5	6	6	7	7	5	6	8	6	7	7	6	9	8	7	7	7	8
AGCTATTGTA	6	6	6	6	5	7	5	6	7	6	7	7	7	7	5	6	6	5	4	6	7	0	6	5	7	6	7	8	7	7	5	6	8	7	5	8	6	8	8	8	5	5	6	6	5	6	6	6	7	6	7	6	6	7	8	6	9	6	5	5	6	6	7	6	7	8	8	8	7	7	8	6	6	6	6	4	6	8	6	8	5	8	7	6	6	7	7	6	6	9	6	7	8	8	7	7
AGGGTCGTTT	7	7	7	8	6	5	7	8	7	8	7	7	7	8	7	6	5	7	6	3	4	6	0	3	8	8	6	7	9	6	7	8	9	8	7	9	4	8	6	8	6	8	8	5	7	5	7	7	6	8	8	5	8	8	7	6	9	7	5	8	8	7	7	9	7	8	9	8	9	7	6	7	8	6	6	7	7	8	6	7	7	8	8	6	7	7	6	7	7	8	8	8	7	7	7	8
AGGTTCATTA	7	8	8	6	7	6	5	6	6	7	8	7	7	6	6	5	6	5	6	5	5	5	3	0	8	6	7	8	8	7	8	8	7	8	5	7	7	9	7	10	6	7	6	6	5	5	7	6	5	7	8	7	7	7	7	6	9	8	7	5	7	7	8	8	6	8	6	6	7	7	7	8	7	6	7	6	7	9	8	8	7	9	8	8	6	6	5	7	7	9	6	8	7	8	7	7
ATACACCGGG	6	3	5	4	6	8	4	7	5	6	4	6	5	8	8	8	6	6	5	6	6	7	8	8	0	6	6	5	4	7	6	6	6	7	7	5	9	7	9	7	6	8	9	8	7	8	6	8	6	5	5	9	8	7	6	7	8	7	9	7	6	7	5	6	6	8	5	6	4	8	8	5	5	5	5	7	7	8	6	6	6	6	6	6	8	7	7	6	9	4	6	5	6	5	7	7
ATACCTACTA	5	6	6	6	5	6	4	4	7	7	5	7	7	4	6	6	7	5	5	5	7	6	8	6	6	0	6	7	7	5	7	5	6	6	5	6	7	9	9	8	6	8	8	7	6	8	6	6	6	7	6	7	5	5	7	8	8	6	7	6	3	7	7	6	6	6	7	7	7	5	6	5	5	6	6	5	6	8	8	7	6	6	7	7	5	6	6	7	7	6	4	6	7	7	8	5
ATCGACACAT	7	6	6	5	7	6	5	5	5	7	7	6	6	5	6	7	6	6	6	6	7	7	6	7	6	6	0	6	6	6	8	6	6	5	6	6	8	6	5	7	6	7	7	5	7	9	7	5	5	8	8	7	5	6	5	8	6	7	8	8	6	7	5	5	6	5	6	5	7	5	6	6	7	6	6	7	6	6	8	5	7	7	5	7	7	7	5	7	7	7	4	7	6	6	9	7
ATTGCGCGCG	8	7	7	6	7	6	5	7	4	7	4	7	7	8	7	6	7	6	7	6	5	8	7	8	5	7	6	0	7	7	8	7	7	8	7	8	9	8	7	5	7	7	8	8	8	7	5	7	6	6	7	7	10	8	6	6	7	8	7	7	7	5	7	6	7	7	6	5	6	7	6	7	6	6	6	7	6	8	6	7	8	6	7	7	7	6	6	7	7	5	6	4	5	3	5	4
CAACACAGGC	6	3	5	5	5	6	5	7	7	3	5	6	5	7	8	8	7	6	6	7	8	7	9	8	4	7	6	7	0	4	4	6	4	5	4	3	7	5	6	6	6	7	8	7	7	7	6	7	6	6	5	8	6	8	7	8	7	7	8	8	6	8	7	6	7	8	4	7	3	6	7	6	7	5	6	7	7	6	8	6	8	8	5	6	8	7	6	6	9	6	6	8	8	6	8	8
CAACTCGACT	5	5	6	5	6	5	6	6	5	6	6	7	6	6	6	6	6	7	7	4	8	7	6	7	7	5	6	7	4	0	5	6	5	5	5	5	5	7	7	7	7	5	6	6	6	7	7	5	6	8	6	5	7	7	7	8	7	6	7	7	5	6	6	7	7	7	7	8	7	4	5	6	6	5	6	6	6	7	7	6	7	8	6	8	7	5	7	8	9	7	6	6	8	6	7	7
CAATATTGGT	4	6	6	7	5	8	5	6	7	4	7	7	7	9	7	7	5	7	6	7	8	5	7	8	6	7	8	8	4	5	0	6	5	7	6	6	5	6	7	7	6	6	8	6	6	6	5	7	6	4	6	5	7	8	7	6	8	8	7	6	6	7	7	6	7	8	8	9	4	5	6	8	5	7	5	6	7	8	6	8	6	9	6	7	7	9	7	7	8	7	8	8	8	9	6	7
CACAACTCTG	5	6	6	6	7	7	6	7	7	6	5	7	5	7	6	7	6	6	5	6	6	6	8	8	6	5	6	7	6	6	6	0	3	6	4	6	6	6	7	6	5	6	7	7	5	6	5	8	5	5	6	7	5	6	6	7	6	8	7	6	4	7	6	6	5	7	7	8	6	6	7	5	4	4	6	7	6	7	6	6	7	7	7	7	7	7	4	6	8	6	5	7	8	6	9	9
CACATACACG	6	6	4	5	7	8	4	5	6	5	6	6	5	6	6	7	7	5	6	7	7	8	9	7	6	6	6	7	4	5	5	3	0	5	3	4	6	5	7	6	6	4	5	5	5	8	5	5	6	6	7	7	6	7	6	8	5	7	7	6	6	6	5	5	7	6	7	7	4	5	7	5	4	7	7	7	7	6	7	7	6	7	6	7	7	5	5	7	8	6	6	5	9	6	7	8
CACCCAGCAT	7	5	6	4	6	6	6	7	6	7	5	7	5	4	6	5	6	5	8	5	7	7	8	8	7	6	5	8	5	5	7	6	5	0	4	5	6	7	4	6	7	7	7	4	8	8	7	6	6	8	6	8	4	6	6	9	7	6	8	7	7	8	6	8	9	8	7	7	7	6	5	6	7	7	7	6	7	6	8	6	7	6	5	6	6	6	8	7	8	7	6	7	8	7	9	7
CAGCTACATG	7	7	5	5	6	5	6	6	6	6	6	6	5	6	5	6	7	4	5	6	6	5	7	5	7	5	6	7	4	5	6	4	3	4	0	5	5	5	6	7	5	4	5	4	4	6	5	6	4	6	8	8	6	6	5	7	6	7	7	6	4	7	7	6	6	7	6	7	5	6	7	6	4	5	7	6	6	6	6	7	7	8	7	7	7	6	5	7	8	8	6	6	8	6	7	8
CCACACAAGA	7	5	5	5	8	7	5	7	7	5	6	4	5	6	7	8	8	5	7	7	8	8	9	7	5	6	6	8	3	5	6	6	4	5	5	0	7	5	7	6	5	7	6	7	7	8	6	7	6	7	6	9	6	6	7	9	6	6	8	6	7	8	7	7	7	7	4	6	5	7	8	6	7	7	7	7	8	6	8	6	6	6	5	7	7	6	7	7	7	6	5	8	8	7	10	7
CCAGTAGTTT	6	8	5	8	7	7	8	7	8	6	7	5	5	8	5	6	6	6	6	5	6	6	4	7	9	7	8	9	7	5	5	6	6	6	5	7	0	6	5	6	5	7	8	5	6	6	5	6	5	7	8	5	6	9	7	6	7	8	5	7	7	7	7	8	7	7	8	8	8	7	5	7	6	7	6	8	7	5	5	6	5	8	6	4	7	9	8	7	7	8	7	8	8	8	8	8
CCGAAAGAGG	9	8	6	6	8	8	8	8	9	5	6	4	5	7	6	9	6	7	4	8	7	8	8	9	7	9	6	8	5	7	6	6	5	7	5	5	6	0	5	4	6	5	6	5	6	7	7	6	6	6	6	8	6	8	7	7	5	7	8	7	7	7	8	6	6	6	7	5	6	8	7	7	8	7	7	8	8	5	6	8	6	7	5	6	6	7	6	5	7	6	8	8	7	6	7	8
CCGGAGGCAT	8	7	7	8	8	6	8	7	7	7	7	6	6	6	7	7	6	6	8	7	6	8	6	7	9	9	5	7	6	7	7	7	7	4	6	7	5	5	0	3	6	7	7	3	6	6	7	5	7	8	8	8	7	8	6	8	6	6	8	7	8	7	8	8	7	6	8	7	9	8	6	7	9	8	7	8	8	5	7	6	6	6	6	5	7	8	6	8	6	6	8	8	6	6	7	8
CCTGAGGCGG	9	8	7	7	7	8	7	7	6	6	6	5	5	6	6	7	6	6	8	8	6	8	8	10	7	8	7	5	6	7	7	6	6	6	7	6	6	4	3	0	6	5	6	6	6	6	6	7	6	5	8	9	9	9	6	6	5	8	7	6	7	7	7	5	7	7	7	6	7	8	6	8	7	7	6	8	7	6	6	7	6	5	7	6	7	6	7	5	6	4	8	6	5	5	6	6
CGAGAACGTA	8	6	7	8	7	7	4	6	8	6	7	5	7	7	7	8	7	5	5	6	5	5	6	6	6	6	6	7	6	7	6	5	6	7	5	5	5	6	6	6	0	6	6	5	5	7	6	7	6	7	5	7	6	7	6	8	6	7	8	7	7	7	7	7	4	5	8	7	7	7	6	4	7	7	6	7	8	5	7	7	7	6	6	5	7	7	5	6	6	7	6	8	6	7	9	7
CGCTATGACG	7	7	6	6	7	8	7	7	7	6	5	7	6	6	5	7	6	6	6	7	7	5	8	7	8	8	7	7	7	5	6	6	4	7	4	7	7	5	7	5	6	0	3	6	3	6	5	4	6	5	8	7	8	7	6	7	5	6	6	5	6	4	6	4	7	7	7	6	7	6	7	6	5	6	8	6	7	7	7	8	6	7	7	6	5	5	6	6	7	7	7	6	8	5	5	7
CGCTTGAAAG	9	8	6	5	7	7	9	7	6	7	7	6	7	5	5	6	7	6	7	7	7	6	8	6	9	8	7	8	8	6	8	7	5	7	5	6	8	6	7	6	6	3	0	6	5	6	7	4	7	7	8	7	7	5	5	7	4	4	7	5	8	6	8	6	6	6	5	4	7	8	8	8	7	8	9	5	7	7	7	8	5	8	6	7	5	4	7	7	6	8	8	7	7	7	6	7
CGGATAGCAT	7	7	6	8	8	7	7	6	7	7	8	6	8	7	7	7	6	6	6	5	6	6	5	6	8	7	5	8	7	6	6	7	5	4	4	7	5	5	3	6	5	6	6	0	4	6	6	6	6	7	7	6	7	7	6	7	7	6	8	6	7	6	6	7	7	6	8	7	7	7	5	7	8	7	7	7	7	5	7	7	6	8	5	5	7	7	5	7	6	7	8	8	6	7	7	8
CGGTATACTG	7	9	6	7	7	7	6	6	7	7	7	7	7	7	5	7	7	7	4	7	7	5	7	5	7	6	7	8	7	6	6	5	5	8	4	7	6	6	6	6	5	3	5	4	0	3	5	6	4	4	8	7	7	8	6	7	6	8	7	5	4	6	6	4	6	6	7	7	6	5	7	8	6	6	7	8	6	7	7	8	7	9	7	7	7	6	3	6	7	7	6	8	8	6	6	8
CGGTGTCTGC	8	8	8	8	7	6	9	8	7	7	7	8	6	7	6	5	6	7	7	7	6	6	5	5	8	8	9	7	7	7	6	6	8	8	6	8	6	7	6	6	7	6	6	6	3	0	7	6	5	4	8	7	9	7	6	5	8	7	5	6	7	7	7	7	7	8	6	8	8	8	7	8	7	4	6	7	7	8	6	6	7	7	9	8	7	7	6	7	7	8	9	7	7	8	6	7
CTAGCATTCG	5	8	7	7	6	6	7	7	8	7	5	7	6	8	6	5	8	4	7	7	6	6	7	7	6	6	7	5	6	7	5	5	5	7	5	6	5	7	7	6	6	5	7	6	5	7	0	6	4	5	8	6	7	7	7	6	6	8	5	6	5	4	6	6	5	6	7	7	7	5	7	7	4	5	6	5	5	7	7	5	6	7	8	7	5	6	6	6	8	5	7	6	7	5	6	6
CTCGTTGACA	7	7	6	7	7	8	8	6	7	8	6	6	7	5	7	7	6	6	9	8	9	6	7	6	8	6	5	7	7	5	7	8	5	6	6	7	6	6	5	7	7	4	4	6	6	6	6	0	6	7	8	7	8	6	6	7	6	5	5	7	7	6	7	6	8	7	7	6	8	7	7	7	7	7	8	5	7	6	7	7	6	6	7	8	7	6	7	8	6	8	6	5	6	7	5	5
CTGTCACTTG	7	8	7	7	7	7	6	7	6	8	8	8	6	7	5	6	7	6	7	6	6	7	6	5	6	6	5	6	6	6	6	5	6	6	4	6	5	6	7	6	6	6	7	6	4	5	4	6	0	4	8	8	8	8	5	7	7	7	6	5	5	6	6	6	4	7	5	6	7	7	6	7	5	6	7	6	5	8	7	6	7	8	7	7	5	6	5	4	6	7	6	6	8	5	6	7
CTTTATCTGG	7	8	8	7	8	10	8	8	6	7	7	8	6	8	6	6	7	6	7	8	7	6	8	7	5	7	8	6	6	8	4	5	6	8	6	7	7	6	8	5	7	5	7	7	4	4	5	7	4	0	8	7	8	9	7	5	8	8	7	3	6	6	6	4	6	8	6	7	6	7	7	7	6	5	5	8	7	9	6	7	6	8	8	8	7	7	7	5	8	6	7	6	6	7	6	6
GAAACCGGAA	7	3	6	5	5	6	5	6	6	7	5	6	8	6	7	9	7	7	6	6	8	7	8	8	5	6	8	7	5	6	6	6	7	6	8	6	8	6	8	8	5	8	8	7	8	8	8	8	8	8	0	7	6	4	6	8	6	4	8	7	6	7	6	7	6	7	7	7	5	7	7	5	8	6	6	5	7	7	8	8	7	7	6	7	8	8	6	7	7	7	8	9	4	8	8	8
GAATTGTTCT	4	7	7	8	6	7	7	5	6	7	6	9	8	8	6	5	7	7	6	5	7	6	5	7	9	7	7	7	8	5	5	7	7	8	8	9	5	8	8	9	7	7	7	6	7	7	6	7	8	7	7	0	6	7	6	5	8	8	5	6	6	4	7	7	7	7	9	8	7	4	5	6	5	6	7	8	7	8	6	7	7	9	7	6	8	8	8	8	8	8	9	8	9	8	7	7
GACCAAATAT	5	7	6	6	7	6	6	7	8	6	8	6	6	6	6	7	8	6	5	6	8	6	8	7	8	5	5	10	6	7	7	5	6	4	6	6	6	6	7	9	6	8	7	7	7	9	7	8	8	8	6	6	0	5	6	7	5	7	7	6	6	7	7	6	6	6	6	5	7	6	7	5	6	8	7	7	6	7	8	7	6	8	4	7	5	7	7	6	8	8	5	8	7	8	10	9
GACGCCTAAA	8	5	6	5	6	6	7	6	6	7	6	6	7	4	6	8	6	6	8	6	6	7	8	7	7	5	6	8	8	7	8	6	7	6	6	6	9	8	8	9	7	7	5	7	8	7	7	6	8	9	4	7	5	0	6	6	5	3	7	7	7	7	7	7	6	7	7	7	8	6	8	6	6	7	7	4	7	7	8	7	8	7	7	9	6	6	8	8	5	8	7	8	6	7	9	8
GAGTGACCAG	9	7	6	6	7	7	7	6	4	8	7	6	7	6	7	8	8	6	7	7	5	8	7	7	6	7	5	6	7	7	7	6	6	6	5	7	7	7	6	6	6	6	5	6	6	6	7	6	5	7	6	6	6	6	0	6	6	7	7	5	6	5	6	6	5	6	5	5	6	7	5	7	6	6	6	7	7	7	7	9	7	7	6	8	6	6	6	7	6	7	8	8	7	6	7	7
GATGGTTTGG	6	9	6	8	7	7	8	6	7	7	7	8	6	9	7	7	6	6	7	6	4	6	6	6	7	8	8	6	8	8	6	7	8	9	7	9	6	7	8	6	8	7	7	7	7	5	6	7	7	5	8	5	7	6	6	0	7	7	5	5	7	4	7	6	5	7	7	6	7	8	6	8	6	6	6	6	4	9	4	8	6	8	8	7	6	8	8	6	7	7	10	6	8	8	5	6
GCCCGAAACG	8	6	6	6	7	6	8	8	7	7	5	6	5	5	4	7	9	7	8	8	8	9	9	9	8	8	6	7	7	7	8	6	5	7	6	6	7	5	6	5	6	5	4	7	6	8	6	6	7	8	6	8	5	5	6	7	0	5	6	7	7	5	7	5	7	4	6	4	8	7	8	7	7	8	9	7	6	6	7	6	6	5	6	7	5	4	6	7	7	7	6	6	7	6	8	7
GCGCCTGGAA	8	5	7	6	4	7	7	7	8	8	6	7	7	4	6	7	4	6	8	7	7	6	7	8	7	6	7	8	7	6	8	8	7	6	7	6	8	7	6	8	7	6	4	6	8	7	8	5	7	8	4	8	7	3	7	7	5	0	5	6	7	7	7	8	6	7	7	6	8	9	9	7	8	7	6	3	8	7	8	8	5	6	6	7	7	6	8	7	6	8	8	7	5	7	6	6
GCTCGTGTTC	6	7	8	7	5	7	7	7	8	8	6	8	7	7	6	4	6	6	8	5	7	5	5	7	9	7	8	7	8	7	7	7	7	8	7	8	5	8	8	7	8	6	7	8	7	5	5	5	6	7	8	5	7	7	7	5	6	5	0	5	7	6	6	6	7	7	6	6	9	7	7	7	7	6	7	7	5	7	5	5	6	7	7	6	6	7	9	6	7	8	8	7	8	8	7	5
GCTTATCTAG	7	8	7	7	8	8	7	7	5	7	7	7	6	7	6	6	7	6	7	7	7	5	8	5	7	6	8	7	8	7	6	6	6	7	6	6	7	7	7	6	7	5	5	6	5	6	6	7	5	3	7	6	6	7	5	5	7	6	5	0	5	6	5	5	4	7	5	6	7	6	7	7	6	7	7	7	7	7	6	7	5	8	8	7	4	6	7	6	7	8	7	6	7	8	7	7
GTAACTACTG	6	7	6	6	7	7	6	6	7	6	6	8	7	7	6	7	8	6	4	6	7	6	8	7	6	3	6	7	6	5	6	4	6	7	4	7	7	7	8	7	7	6	8	7	4	7	5	7	5	6	6	6	6	7	6	7	7	7	7	5	0	5	5	4	4	5	6	6	5	4	5	6	4	4	6	7	5	8	7	7	7	7	7	8	6	6	3	6	6	6	5	6	8	6	7	7
GTATGGATCG	7	7	7	7	6	6	7	7	7	8	6	7	8	8	6	7	6	6	6	7	5	6	7	7	7	7	7	5	8	6	7	7	6	8	7	8	7	7	7	7	7	4	6	6	6	7	4	6	6	6	7	4	7	7	5	4	5	7	6	6	5	0	6	5	6	5	7	5	6	6	6	8	5	6	6	7	3	7	5	7	5	7	7	7	6	6	7	6	7	6	8	7	7	6	5	6
GTCATCCCGT	6	6	7	6	7	9	6	8	7	7	7	8	6	7	8	7	6	7	7	5	8	7	7	8	5	7	5	7	7	6	7	6	5	6	7	7	7	8	8	7	7	6	8	6	6	7	6	7	6	6	6	7	7	7	6	7	7	7	6	5	5	6	0	4	6	6	5	7	6	6	6	7	7	7	6	7	7	8	5	6	7	6	7	7	7	6	7	6	8	6	6	5	7	5	7	6
GTCTATACGG	8	7	6	6	8	8	6	6	7	5	7	7	6	7	5	7	7	6	6	7	9	6	9	8	6	6	5	6	6	7	6	6	5	8	6	7	8	6	8	5	7	4	6	7	4	7	6	6	6	4	7	7	6	7	6	6	5	8	6	5	4	5	4	0	6	6	5	5	5	6	7	7	5	7	7	8	7	7	6	7	6	7	7	7	6	5	6	5	7	5	5	5	7	6	6	6
GTGAACTTAG	7	7	7	7	8	8	6	7	7	7	7	7	7	8	7	8	7	7	6	8	5	7	7	6	6	6	6	7	7	7	7	5	7	9	6	7	7	6	7	7	4	7	6	7	6	7	5	8	4	6	6	7	6	6	5	5	7	6	7	4	4	6	6	6	0	6	5	5	6	6	6	5	5	6	6	6	6	7	7	7	6	9	6	7	5	6	5	5	5	7	6	7	5	5	7	8
GTGAGAAACT	7	8	7	9	9	6	7	7	8	7	9	6	7	8	7	9	8	7	6	7	7	8	8	8	8	6	5	7	8	7	8	7	6	8	7	7	7	6	6	7	5	7	6	6	6	8	6	7	7	8	7	7	6	7	6	7	4	7	7	7	5	5	6	6	6	0	5	5	7	5	6	7	8	6	6	9	8	5	8	8	8	9	5	5	7	6	4	7	4	7	6	8	6	7	7	8
GTTCACAAGC	8	6	7	6	7	7	6	7	5	6	7	7	7	7	8	8	8	6	8	8	8	8	9	6	5	7	6	6	4	7	8	7	7	7	6	4	8	7	8	7	8	7	5	8	7	6	7	7	5	6	7	9	6	7	5	7	6	7	6	5	6	7	5	5	5	5	0	4	6	7	7	6	7	6	7	8	7	5	8	6	7	8	6	6	7	6	7	6	7	5	5	6	7	6	7	6
GTTCGAAGAG	9	8	5	5	8	7	7	6	5	7	7	5	7	7	7	9	8	6	7	8	8	8	8	6	6	7	5	5	7	8	9	8	7	7	7	6	8	5	7	6	7	6	4	7	7	8	7	6	6	7	7	8	5	7	5	6	4	6	6	6	6	5	7	5	5	5	4	0	6	8	8	6	7	8	8	7	5	5	7	8	6	7	6	6	5	6	6	5	6	6	6	6	6	6	6	5
TAATACAGGG	7	5	5	4	6	7	4	6	6	4	6	6	6	8	7	9	6	5	5	8	8	7	9	7	4	7	7	6	3	7	4	6	4	7	5	5	8	6	9	7	7	7	7	7	6	8	7	8	7	6	5	7	7	8	6	7	8	8	9	7	5	6	6	5	6	7	6	6	0	5	5	6	4	6	5	7	6	6	5	8	7	8	5	6	8	6	5	5	8	4	6	6	7	6	6	7
TAATCATACT	4	6	6	6	6	7	5	5	7	6	6	7	7	7	7	7	7	7	6	7	9	7	7	7	8	5	5	7	6	4	5	6	5	6	6	7	7	8	8	8	7	6	8	7	5	8	5	7	7	7	7	4	6	6	7	8	7	9	7	6	4	6	6	6	6	5	7	8	5	0	4	4	5	5	5	6	5	6	6	7	6	8	5	7	7	5	6	6	6	6	5	7	7	7	7	6
TAATGAGCTT	6	8	7	7	7	6	6	6	6	6	7	7	8	7	7	6	7	6	6	5	5	8	6	7	8	6	6	6	7	5	6	7	7	5	7	8	5	7	6	6	6	7	8	5	7	7	7	7	6	7	7	5	7	8	5	6	8	9	7	7	5	6	6	7	6	6	7	8	5	4	0	7	5	6	4	7	5	6	5	6	6	7	5	4	7	7	6	7	6	6	7	7	6	6	7	6
TACAACGTAC	6	3	6	6	6	6	4	6	7	6	4	6	6	7	7	6	7	6	7	7	7	6	7	8	5	5	6	7	6	6	8	5	5	6	6	6	7	7	7	8	4	6	8	7	8	8	7	7	7	7	5	6	5	6	7	8	7	7	7	7	6	8	7	7	5	7	6	6	6	4	7	0	4	5	6	6	7	4	6	4	4	7	5	5	6	6	6	5	6	6	5	7	5	6	8	7
TACTACTTCG	5	7	6	5	7	7	6	6	6	7	5	8	6	7	7	5	6	5	7	6	6	6	8	7	5	5	7	6	7	6	5	4	4	7	4	7	6	8	9	7	7	5	7	8	6	7	4	7	5	6	8	5	6	6	6	6	7	8	7	6	4	5	7	5	5	8	7	7	4	5	5	4	0	5	6	6	5	7	6	5	6	7	7	7	5	5	6	6	7	6	6	5	8	5	6	6
TAGACTCTGC	6	5	7	6	5	6	6	7	7	6	5	7	6	7	8	6	6	6	6	4	6	6	6	6	5	6	6	6	5	5	7	4	7	7	5	7	7	7	8	7	7	6	8	7	6	4	5	7	6	5	6	6	8	7	6	6	8	7	6	7	4	6	7	7	6	6	6	8	6	5	6	5	5	0	4	4	6	6	6	4	7	7	6	7	7	5	4	6	7	6	6	6	6	5	6	7
TAGAGCTGGT	7	6	6	7	4	6	6	7	7	7	6	6	6	8	8	8	5	6	5	5	5	6	6	7	5	6	6	6	6	6	5	6	7	7	7	7	6	7	7	6	6	8	9	7	7	6	6	8	7	5	6	7	7	7	6	6	9	6	7	7	6	6	6	7	6	6	7	8	5	5	4	6	6	4	0	5	6	7	6	6	6	7	5	5	7	8	6	6	6	5	8	8	4	6	6	6
TAGCCTTGAA	6	6	6	6	4	6	6	6	7	8	6	7	7	5	6	6	6	5	7	6	6	4	7	6	7	5	7	7	7	6	6	7	7	6	6	7	8	8	8	8	7	6	5	7	8	7	5	5	6	8	5	8	7	4	7	6	7	3	7	7	7	7	7	8	6	9	8	7	7	6	7	6	6	4	5	0	6	6	7	7	6	7	6	7	5	5	7	7	6	8	7	5	5	7	6	6
TATCGGATTG	7	7	6	6	7	6	7	6	6	8	7	7	7	7	5	6	7	6	7	6	5	6	7	7	7	6	6	6	7	6	7	6	7	7	6	8	7	8	8	7	8	7	7	7	6	7	5	7	5	7	7	7	6	7	7	4	6	8	5	7	5	3	7	7	6	8	7	5	6	5	5	7	5	6	6	6	0	7	4	6	5	6	6	6	4	6	6	5	7	6	6	7	6	7	7	6
TCAGAAGAAC	8	6	5	7	7	5	7	6	8	5	7	3	7	7	7	8	8	6	7	8	8	8	8	9	8	8	6	8	6	7	8	7	6	6	6	6	5	5	5	6	5	7	7	5	7	8	7	6	8	9	7	8	7	7	7	9	6	7	7	7	8	7	8	7	7	5	5	5	6	6	6	4	7	6	7	6	7	0	6	6	6	7	5	5	6	7	6	6	5	6	7	8	5	7	8	8
TCATGGTGTG	7	7	6	7	7	7	7	7	7	7	4	6	7	8	5	6	6	6	6	7	5	6	6	8	6	8	8	6	8	7	6	6	7	8	6	8	5	6	7	6	7	7	7	7	7	6	7	7	7	6	8	6	8	8	7	4	7	8	5	6	7	5	5	6	7	8	8	7	5	6	5	6	6	6	6	7	4	6	0	5	3	6	6	5	6	7	7	5	6	5	8	6	7	7	6	5
TCCACGCTTC	6	6	8	8	7	6	6	8	7	7	6	8	6	7	7	3	7	6	8	5	6	8	7	8	6	7	5	7	6	6	8	6	7	6	7	6	6	8	6	7	7	8	8	7	8	6	5	7	6	7	8	7	7	7	9	8	6	8	5	7	7	7	6	7	7	8	6	8	8	7	6	4	5	4	6	7	6	6	5	0	4	5	7	5	5	6	6	6	8	6	4	6	7	5	8	7
TCCATGGTAG	7	6	5	6	6	8	6	7	7	7	6	7	5	5	5	5	7	7	6	8	6	5	7	7	6	6	7	8	8	7	6	7	6	7	7	6	5	6	6	6	7	6	5	6	7	7	6	6	7	6	7	7	6	8	7	6	6	5	6	5	7	5	7	6	6	8	7	6	7	6	6	4	6	7	6	6	5	6	3	4	0	5	6	5	4	6	7	5	6	5	5	5	6	6	6	6
TCCCGGCCGA	9	6	7	7	7	8	8	7	7	8	5	7	5	4	7	6	7	6	10	8	7	8	8	9	6	6	7	6	8	8	9	7	7	6	8	6	8	7	6	5	6	7	8	8	9	7	7	6	8	8	7	9	8	7	7	8	5	6	7	8	7	7	6	7	9	9	8	7	8	8	7	7	7	7	7	7	6	7	6	5	5	0	6	7	6	6	8	7	7	5	5	5	6	5	7	4
TGACAGAGAT	6	6	4	6	7	6	7	6	8	7	6	5	7	6	7	8	6	6	5	6	7	7	8	8	6	7	5	7	5	6	6	7	6	5	7	5	6	5	6	7	6	7	6	5	7	9	8	7	7	8	6	7	4	7	6	8	6	6	7	8	7	7	7	7	6	5	6	6	5	5	5	5	7	6	5	6	6	5	6	7	6	6	0	3	5	6	6	5	5	5	6	7	5	7	7	6
TGCAGAGGTT	7	6	6	7	6	7	6	8	9	7	7	6	6	8	7	7	6	7	6	6	5	6	6	8	6	7	7	7	6	8	7	7	7	6	7	7	4	6	5	6	5	6	7	5	7	8	7	8	7	8	7	6	7	9	8	7	7	7	6	7	8	7	7	7	7	5	6	6	6	7	4	5	7	7	5	7	6	5	5	5	5	7	3	0	5	7	6	5	6	6	6	7	5	6	7	7
TGCCGATTAG	7	8	6	6	7	6	7	8	7	7	6	6	6	6	6	7	8	7	7	6	6	6	7	6	8	5	7	7	8	7	7	7	7	6	7	7	7	6	7	7	7	5	5	7	7	7	5	7	5	7	8	8	5	6	6	6	5	7	6	4	6	6	7	6	5	7	7	5	8	7	7	6	5	7	7	5	4	6	6	5	4	6	5	5	0	5	6	4	5	7	5	6	7	6	7	6
TGCCTCAACG	8	7	7	6	6	7	8	8	7	7	7	8	6	6	5	7	7	8	7	6	8	7	7	6	7	6	7	6	7	5	9	7	5	6	6	6	9	7	8	6	7	5	4	7	6	7	6	6	6	7	8	8	7	6	6	8	4	6	7	6	6	6	6	5	6	6	6	6	6	5	7	6	5	5	8	5	6	7	7	6	6	6	6	7	5	0	5	5	7	7	5	4	7	5	6	7
TGGAACACTG	7	7	7	7	8	7	6	7	8	7	8	7	7	8	7	9	8	6	4	6	6	7	6	5	7	6	5	6	6	7	7	4	5	8	5	7	8	6	6	7	5	6	7	5	3	6	6	7	5	7	6	8	7	8	6	8	6	8	9	7	3	7	7	6	5	4	7	6	5	6	6	6	6	4	6	7	6	6	7	6	7	8	6	6	6	5	0	5	6	6	4	7	6	4	7	8
TGTCAAGTGG	7	8	6	6	7	7	6	8	8	7	6	6	6	9	6	8	6	7	5	7	7	6	7	7	6	7	7	7	6	8	7	6	7	7	7	7	7	5	8	5	6	6	7	7	6	7	6	8	4	5	7	8	6	8	7	6	7	7	6	6	6	6	6	5	5	7	6	5	5	6	7	5	6	6	6	7	5	6	5	6	5	7	5	5	4	5	5	0	5	4	6	6	6	5	6	5
TGTGAGTAAA	8	9	6	8	8	7	7	4	7	8	8	6	7	7	7	9	8	6	7	9	7	6	7	7	9	7	7	7	9	9	8	8	8	8	8	7	7	7	6	6	6	7	6	6	7	7	8	6	6	8	7	8	8	5	6	7	7	6	7	7	6	7	8	7	5	4	7	6	8	6	6	6	7	7	6	6	7	5	6	8	6	7	5	6	5	7	6	5	0	7	7	8	4	7	7	6
TTACAGGCGG	7	6	5	7	7	7	6	7	6	7	5	6	5	7	8	8	7	7	7	6	6	9	8	9	4	6	7	5	6	7	7	6	6	7	8	6	8	6	6	4	7	7	8	7	7	8	5	8	7	6	7	8	8	8	7	7	7	8	8	8	6	6	6	5	7	7	5	6	4	6	6	6	6	6	5	8	6	6	5	6	5	5	5	6	7	7	6	4	7	0	5	5	5	3	5	4
TTCCACACTA	7	7	8	7	8	8	5	7	7	8	8	8	7	5	7	7	9	6	7	6	9	6	8	6	6	4	4	6	6	6	8	5	6	6	6	5	7	8	8	8	6	7	8	8	6	9	7	6	6	7	8	9	5	7	8	10	6	8	8	7	5	8	6	5	6	6	5	6	6	5	7	5	6	6	8	7	6	7	8	4	5	5	6	6	5	5	4	6	7	5	0	5	6	4	8	5
TTCCTTCGCG	7	8	6	6	7	9	7	8	6	8	5	8	6	7	6	6	7	8	7	6	8	7	8	8	5	6	7	4	8	6	8	7	5	7	6	8	8	8	8	6	8	6	7	8	8	7	6	5	6	6	9	8	8	8	8	6	6	7	7	6	6	7	5	5	7	8	6	6	6	7	7	7	5	6	8	5	7	8	6	6	5	5	7	7	6	4	7	6	8	5	5	0	7	4	3	4
TTGAGCGGAA	10	5	6	7	7	6	7	6	7	8	7	6	7	7	8	9	7	6	8	7	7	8	7	7	6	7	6	5	8	8	8	8	9	8	8	8	8	7	6	5	6	8	7	6	8	7	7	6	8	6	4	9	7	6	7	8	7	5	8	7	8	7	7	7	5	6	7	6	7	7	6	5	8	6	4	5	6	5	7	7	6	6	5	5	7	7	6	6	4	5	6	7	0	5	5	5
TTGCACGCCG	7	7	8	7	7	8	6	8	6	8	6	8	7	8	8	8	8	7	8	6	7	8	7	8	5	7	6	3	6	6	9	6	6	7	6	7	8	6	6	5	7	5	7	7	6	8	5	7	5	7	8	8	8	7	6	8	6	7	8	8	6	6	5	6	5	7	6	6	6	7	6	6	5	5	6	7	7	7	7	5	6	5	7	6	6	5	4	5	7	3	4	4	5	0	4	5
TTGTTTGGCG	8	8	7	7	6	9	9	9	6	7	7	9	8	8	7	7	5	8	7	7	7	7	7	7	7	8	9	5	8	7	6	9	7	9	7	10	8	7	7	6	9	5	6	7	6	6	6	5	6	6	8	7	10	9	7	5	8	6	7	7	7	5	7	6	7	7	7	6	6	7	7	8	6	6	6	6	7	8	6	8	6	7	7	7	7	6	7	6	7	5	8	3	5	4	0	5
TTTCGTGCGA	8	8	7	7	7	8	7	5	6	9	5	7	7	6	8	7	6	6	8	7	8	7	8	7	7	5	7	4	8	7	7	9	8	7	8	7	8	8	8	6	7	7	7	8	8	7	6	5	7	6	8	7	9	8	7	6	7	6	5	7	7	6	6	6	8	8	6	5	7	6	6	7	6	7	6	6	6	8	5	7	6	4	6	7	6	7	8	5	6	4	5	4	5	5	5	0
